{
    "$schema": "https://schema.management.azure.com/schemas/2015-01-01/deploymentParameters.json#",
    "contentVersion": "1.0.0.0",
  "parameters": {
    "channels_WebChatChannel_enablePreview": {
      "value": null
    },
    "connections_teams_name": {
      "value": null
    },
    "connections_teams_display_name": {
      "value": null
    },
    "app_client_id": {
      "value": null
    },
    "workflows_AlertsStaging_name": {
      "value": null
    },
    "sites_emails_teammate_staging_name": {
      "value": null
    },
    "components_StagingAnalytics_name": {
      "value": null
    },
    "databaseAccounts_teamate_staging_name": {
      "value": null
    },
    "botServices_EmailsTeammateStaging_name": {
      "value": null
    },
    "serverfarms_harmonieteams_serviceplan_externalid": {
      "value": null
    }
  }
}