{
    "$schema": "https://schema.management.azure.com/schemas/2019-04-01/deploymentTemplate.json#",
    "contentVersion": "1.0.0.0",
  "parameters": {
    "channels_WebChatChannel_enablePreview": {
      "type": "Bool"
    },
    "connections_teams_name": {
      "defaultValue": "teams",
      "type": "String"
    },
    "workflows_AlertsStaging_name": {
      "defaultValue": "AlertsStaging",
      "type": "String"
    },
    "sites_emails_teammate_staging_name": {
      "defaultValue": "emails-teammate-staging",
      "type": "String"
    },
    "components_StagingAnalytics_name": {
      "defaultValue": "StagingAnalytics",
      "type": "String"
    },
    "databaseAccounts_teamate_staging_name": {
      "defaultValue": "teamate-staging",
      "type": "String"
    },
    "botServices_EmailsTeammateStaging_name": {
      "defaultValue": "EmailsTeammateStaging",
      "type": "String"
    },
    "connections_teams_display_name": {
      "defaultValue": "EmailsTeammateStaging",
      "type": "String"
    },
    "app_client_id": {
      "defaultValue": "EmailsTeammateStaging",
      "type": "String"
    },
    "serverfarms_harmonieteams_serviceplan_externalid": {
      "defaultValue": "/subscriptions/6dd16397-3f02-4b5f-9e60-519534514192/resourceGroups/harmonieteams/providers/Microsoft.Web/serverfarms/harmonieteams_serviceplan",
      "type": "String"
    }
  },
    "variables": {},
    "resources": [
        {
            "type": "Microsoft.BotService/botServices",
            "apiVersion": "2021-03-01",
            "name": "[parameters('botServices_EmailsTeammateStaging_name')]",
            "location": "global",
            "sku": {
                "name": "S1"
            },
            "kind": "bot",
          "properties": {
            "displayName": "[parameters('botServices_EmailsTeammateStaging_name')]",
            "iconUrl": "https://docs.botframework.com/static/devportal/client/images/bot-framework-default.png",
            "endpoint": "[concat('https://',parameters('sites_emails_teammate_staging_name'),'.azurewebsites.net/api/messages')]",
            "msaAppId": "[parameters('app_client_id')]",
            "luisAppIds": [],
            "isCmekEnabled": false,
            "isIsolated": false
          }
        },
        {
            "type": "Microsoft.DocumentDB/databaseAccounts",
            "apiVersion": "2021-04-15",
            "name": "[parameters('databaseAccounts_teamate_staging_name')]",
            "location": "West Europe",
            "tags": {
                "defaultExperience": "Azure Cosmos DB for MongoDB API",
                "hidden-cosmos-mmspecial": "",
                "CosmosAccountType": "Non-Production"
            },
            "kind": "MongoDB",
            "identity": {
                "type": "None"
            },
            "properties": {
                "publicNetworkAccess": "Enabled",
                "enableAutomaticFailover": false,
                "enableMultipleWriteLocations": false,
                "isVirtualNetworkFilterEnabled": false,
                "virtualNetworkRules": [],
                "disableKeyBasedMetadataWriteAccess": false,
                "enableFreeTier": true,
                "enableAnalyticalStorage": false,
                "databaseAccountOfferType": "Standard",
                "networkAclBypass": "None",
                "consistencyPolicy": {
                    "defaultConsistencyLevel": "Session",
                    "maxIntervalInSeconds": 5,
                    "maxStalenessPrefix": 100
                },
                "apiProperties": {
                    "serverVersion": "3.6"
                },
                "locations": [
                    {
                        "locationName": "West Europe",
                        "provisioningState": "Succeeded",
                        "failoverPriority": 0,
                        "isZoneRedundant": false
                    }
                ],
                "cors": [],
                "capabilities": [
                    {
                        "name": "EnableMongo"
                    },
                    {
                        "name": "DisableRateLimitingResponses"
                    }
                ],
                "ipRules": [],
                "backupPolicy": {
                    "type": "Periodic",
                    "periodicModeProperties": {
                        "backupIntervalInMinutes": 240,
                        "backupRetentionIntervalInHours": 8
                    }
                },
                "networkAclBypassResourceIds": []
            }
        },
        {
            "type": "microsoft.insights/components",
            "apiVersion": "2020-02-02-preview",
            "name": "[parameters('components_StagingAnalytics_name')]",
            "location": "westus2",
            "kind": "web",
            "properties": {
                "Application_Type": "web",
                "Flow_Type": "Redfield",
                "Request_Source": "IbizaAIExtension",
                "IngestionMode": "ApplicationInsights",
                "publicNetworkAccessForIngestion": "Enabled",
                "publicNetworkAccessForQuery": "Enabled"
            }
        },
        {
            "type": "Microsoft.Web/connections",
            "apiVersion": "2016-06-01",
            "name": "[parameters('connections_teams_name')]",
            "location": "westeurope",
            "kind": "V1",
          "properties": {
            "displayName": "[parameters('connections_teams_display_name')]",
            "customParameterValues": {},
            "api": {
              "id": "[concat('/subscriptions/6dd16397-3f02-4b5f-9e60-519534514192/providers/Microsoft.Web/locations/westeurope/managedApis/', parameters('connections_teams_name'))]"
            }
          }
        },
        {
            "type": "Microsoft.Web/sites",
            "apiVersion": "2018-11-01",
            "name": "[parameters('sites_emails_teammate_staging_name')]",
            "location": "West Europe",
            "kind": "app,linux,container",
            "properties": {
                "enabled": true,
                "hostNameSslStates": [
                    {
                        "name": "[concat(parameters('sites_emails_teammate_staging_name'), '.azurewebsites.net')]",
                        "sslState": "Disabled",
                        "hostType": "Standard"
                    },
                    {
                        "name": "[concat(parameters('sites_emails_teammate_staging_name'), '.scm.azurewebsites.net')]",
                        "sslState": "Disabled",
                        "hostType": "Repository"
                    }
                ],
                "serverFarmId": "[parameters('serverfarms_harmonieteams_serviceplan_externalid')]",
                "reserved": true,
                "isXenon": false,
                "hyperV": false,
                "siteConfig": {},
                "scmSiteAlsoStopped": false,
                "clientAffinityEnabled": false,
                "clientCertEnabled": false,
                "hostNamesDisabled": false,
                "containerSize": 0,
                "dailyMemoryTimeQuota": 0,
                "httpsOnly": true,
                "redundancyMode": "None"
            }
        },
        {
            "type": "Microsoft.BotService/botServices/channels",
            "apiVersion": "2021-03-01",
            "name": "[concat(parameters('botServices_EmailsTeammateStaging_name'), '/MsTeamsChannel')]",
            "location": "global",
            "dependsOn": [
                "[resourceId('Microsoft.BotService/botServices', parameters('botServices_EmailsTeammateStaging_name'))]"
            ],
            "properties": {
                "properties": {
                    "enableCalling": false,
                    "isEnabled": true
                },
                "channelName": "MsTeamsChannel"
            }
        },
        {
            "type": "Microsoft.BotService/botServices/channels",
            "apiVersion": "2021-03-01",
            "name": "[concat(parameters('botServices_EmailsTeammateStaging_name'), '/WebChatChannel')]",
            "location": "global",
            "dependsOn": [
                "[resourceId('Microsoft.BotService/botServices', parameters('botServices_EmailsTeammateStaging_name'))]"
            ],
            "properties": {
                "properties": {
                    "sites": [
                        {
                            "siteName": "Default Site",
                            "isEnabled": true,
                            "enablePreview": "[parameters('channels_WebChatChannel_enablePreview')]"
                        }
                    ]
                },
                "channelName": "WebChatChannel"
            }
        },
        {
            "type": "Microsoft.BotService/botServices/connections",
            "apiVersion": "2021-03-01",
            "name": "[concat(parameters('botServices_EmailsTeammateStaging_name'), '/stagingapp')]",
            "location": "global",
            "dependsOn": [
                "[resourceId('Microsoft.BotService/botServices', parameters('botServices_EmailsTeammateStaging_name'))]"
            ],
            "properties": {
                "serviceProviderDisplayName": "Azure Active Directory v2",
                "serviceProviderId": "30dd229c-58e3-4a48-bdfd-91ec48eb906c"
            }
        },
        {
            "type": "Microsoft.DocumentDB/databaseAccounts/mongodbDatabases",
            "apiVersion": "2021-04-15",
            "name": "[concat(parameters('databaseAccounts_teamate_staging_name'), '/TeamMate')]",
            "dependsOn": [
                "[resourceId('Microsoft.DocumentDB/databaseAccounts', parameters('databaseAccounts_teamate_staging_name'))]"
            ],
            "properties": {
                "resource": {
                    "id": "TeamMate"
                }
            }
        },
        {
            "type": "Microsoft.DocumentDB/databaseAccounts/mongodbDatabases",
            "apiVersion": "2021-04-15",
            "name": "[concat(parameters('databaseAccounts_teamate_staging_name'), '/test')]",
            "dependsOn": [
                "[resourceId('Microsoft.DocumentDB/databaseAccounts', parameters('databaseAccounts_teamate_staging_name'))]"
            ],
            "properties": {
                "resource": {
                    "id": "test"
                }
            }
        },
        {
            "type": "Microsoft.DocumentDB/databaseAccounts/notebookWorkspaces",
            "apiVersion": "2021-04-15",
            "name": "[concat(parameters('databaseAccounts_teamate_staging_name'), '/default')]",
            "dependsOn": [
                "[resourceId('Microsoft.DocumentDB/databaseAccounts', parameters('databaseAccounts_teamate_staging_name'))]"
            ]
        },
        {
            "type": "microsoft.insights/components/ProactiveDetectionConfigs",
            "apiVersion": "2018-05-01-preview",
            "name": "[concat(parameters('components_StagingAnalytics_name'), '/degradationindependencyduration')]",
            "location": "westus2",
            "dependsOn": [
                "[resourceId('microsoft.insights/components', parameters('components_StagingAnalytics_name'))]"
            ],
            "properties": {
                "ruleDefinitions": {
                    "Name": "degradationindependencyduration",
                    "DisplayName": "Degradation in dependency duration",
                    "Description": "Smart Detection rules notify you of performance anomaly issues.",
                    "HelpUrl": "https://docs.microsoft.com/en-us/azure/application-insights/app-insights-proactive-performance-diagnostics",
                    "IsHidden": false,
                    "IsEnabledByDefault": true,
                    "IsInPreview": false,
                    "SupportsEmailNotifications": true
                },
                "enabled": true,
                "sendEmailsToSubscriptionOwners": true,
                "customEmails": []
            }
        },
        {
            "type": "microsoft.insights/components/ProactiveDetectionConfigs",
            "apiVersion": "2018-05-01-preview",
            "name": "[concat(parameters('components_StagingAnalytics_name'), '/degradationinserverresponsetime')]",
            "location": "westus2",
            "dependsOn": [
                "[resourceId('microsoft.insights/components', parameters('components_StagingAnalytics_name'))]"
            ],
            "properties": {
                "ruleDefinitions": {
                    "Name": "degradationinserverresponsetime",
                    "DisplayName": "Degradation in server response time",
                    "Description": "Smart Detection rules notify you of performance anomaly issues.",
                    "HelpUrl": "https://docs.microsoft.com/en-us/azure/application-insights/app-insights-proactive-performance-diagnostics",
                    "IsHidden": false,
                    "IsEnabledByDefault": true,
                    "IsInPreview": false,
                    "SupportsEmailNotifications": true
                },
                "enabled": true,
                "sendEmailsToSubscriptionOwners": true,
                "customEmails": []
            }
        },
        {
            "type": "microsoft.insights/components/ProactiveDetectionConfigs",
            "apiVersion": "2018-05-01-preview",
            "name": "[concat(parameters('components_StagingAnalytics_name'), '/digestMailConfiguration')]",
            "location": "westus2",
            "dependsOn": [
                "[resourceId('microsoft.insights/components', parameters('components_StagingAnalytics_name'))]"
            ],
            "properties": {
                "ruleDefinitions": {
                    "Name": "digestMailConfiguration",
                    "DisplayName": "Digest Mail Configuration",
                    "Description": "This rule describes the digest mail preferences",
                    "HelpUrl": "www.homail.com",
                    "IsHidden": true,
                    "IsEnabledByDefault": true,
                    "IsInPreview": false,
                    "SupportsEmailNotifications": true
                },
                "enabled": true,
                "sendEmailsToSubscriptionOwners": true,
                "customEmails": []
            }
        },
        {
            "type": "microsoft.insights/components/ProactiveDetectionConfigs",
            "apiVersion": "2018-05-01-preview",
            "name": "[concat(parameters('components_StagingAnalytics_name'), '/extension_billingdatavolumedailyspikeextension')]",
            "location": "westus2",
            "dependsOn": [
                "[resourceId('microsoft.insights/components', parameters('components_StagingAnalytics_name'))]"
            ],
            "properties": {
                "ruleDefinitions": {
                    "Name": "extension_billingdatavolumedailyspikeextension",
                    "DisplayName": "Abnormal rise in daily data volume (preview)",
                    "Description": "This detection rule automatically analyzes the billing data generated by your application, and can warn you about an unusual increase in your application's billing costs",
                    "HelpUrl": "https://github.com/Microsoft/ApplicationInsights-Home/tree/master/SmartDetection/billing-data-volume-daily-spike.md",
                    "IsHidden": false,
                    "IsEnabledByDefault": true,
                    "IsInPreview": true,
                    "SupportsEmailNotifications": false
                },
                "enabled": true,
                "sendEmailsToSubscriptionOwners": true,
                "customEmails": []
            }
        },
        {
            "type": "microsoft.insights/components/ProactiveDetectionConfigs",
            "apiVersion": "2018-05-01-preview",
            "name": "[concat(parameters('components_StagingAnalytics_name'), '/extension_canaryextension')]",
            "location": "westus2",
            "dependsOn": [
                "[resourceId('microsoft.insights/components', parameters('components_StagingAnalytics_name'))]"
            ],
            "properties": {
                "ruleDefinitions": {
                    "Name": "extension_canaryextension",
                    "DisplayName": "Canary extension",
                    "Description": "Canary extension",
                    "HelpUrl": "https://github.com/Microsoft/ApplicationInsights-Home/blob/master/SmartDetection/",
                    "IsHidden": true,
                    "IsEnabledByDefault": true,
                    "IsInPreview": true,
                    "SupportsEmailNotifications": false
                },
                "enabled": true,
                "sendEmailsToSubscriptionOwners": true,
                "customEmails": []
            }
        },
        {
            "type": "microsoft.insights/components/ProactiveDetectionConfigs",
            "apiVersion": "2018-05-01-preview",
            "name": "[concat(parameters('components_StagingAnalytics_name'), '/extension_exceptionchangeextension')]",
            "location": "westus2",
            "dependsOn": [
                "[resourceId('microsoft.insights/components', parameters('components_StagingAnalytics_name'))]"
            ],
            "properties": {
                "ruleDefinitions": {
                    "Name": "extension_exceptionchangeextension",
                    "DisplayName": "Abnormal rise in exception volume (preview)",
                    "Description": "This detection rule automatically analyzes the exceptions thrown in your application, and can warn you about unusual patterns in your exception telemetry.",
                    "HelpUrl": "https://github.com/Microsoft/ApplicationInsights-Home/blob/master/SmartDetection/abnormal-rise-in-exception-volume.md",
                    "IsHidden": false,
                    "IsEnabledByDefault": true,
                    "IsInPreview": true,
                    "SupportsEmailNotifications": false
                },
                "enabled": true,
                "sendEmailsToSubscriptionOwners": true,
                "customEmails": []
            }
        },
        {
            "type": "microsoft.insights/components/ProactiveDetectionConfigs",
            "apiVersion": "2018-05-01-preview",
            "name": "[concat(parameters('components_StagingAnalytics_name'), '/extension_memoryleakextension')]",
            "location": "westus2",
            "dependsOn": [
                "[resourceId('microsoft.insights/components', parameters('components_StagingAnalytics_name'))]"
            ],
            "properties": {
                "ruleDefinitions": {
                    "Name": "extension_memoryleakextension",
                    "DisplayName": "Potential memory leak detected (preview)",
                    "Description": "This detection rule automatically analyzes the memory consumption of each process in your application, and can warn you about potential memory leaks or increased memory consumption.",
                    "HelpUrl": "https://github.com/Microsoft/ApplicationInsights-Home/tree/master/SmartDetection/memory-leak.md",
                    "IsHidden": false,
                    "IsEnabledByDefault": true,
                    "IsInPreview": true,
                    "SupportsEmailNotifications": false
                },
                "enabled": true,
                "sendEmailsToSubscriptionOwners": true,
                "customEmails": []
            }
        },
        {
            "type": "microsoft.insights/components/ProactiveDetectionConfigs",
            "apiVersion": "2018-05-01-preview",
            "name": "[concat(parameters('components_StagingAnalytics_name'), '/extension_securityextensionspackage')]",
            "location": "westus2",
            "dependsOn": [
                "[resourceId('microsoft.insights/components', parameters('components_StagingAnalytics_name'))]"
            ],
            "properties": {
                "ruleDefinitions": {
                    "Name": "extension_securityextensionspackage",
                    "DisplayName": "Potential security issue detected (preview)",
                    "Description": "This detection rule automatically analyzes the telemetry generated by your application and detects potential security issues.",
                    "HelpUrl": "https://github.com/Microsoft/ApplicationInsights-Home/blob/master/SmartDetection/application-security-detection-pack.md",
                    "IsHidden": false,
                    "IsEnabledByDefault": true,
                    "IsInPreview": true,
                    "SupportsEmailNotifications": false
                },
                "enabled": true,
                "sendEmailsToSubscriptionOwners": true,
                "customEmails": []
            }
        },
        {
            "type": "microsoft.insights/components/ProactiveDetectionConfigs",
            "apiVersion": "2018-05-01-preview",
            "name": "[concat(parameters('components_StagingAnalytics_name'), '/extension_traceseveritydetector')]",
            "location": "westus2",
            "dependsOn": [
                "[resourceId('microsoft.insights/components', parameters('components_StagingAnalytics_name'))]"
            ],
            "properties": {
                "ruleDefinitions": {
                    "Name": "extension_traceseveritydetector",
                    "DisplayName": "Degradation in trace severity ratio (preview)",
                    "Description": "This detection rule automatically analyzes the trace logs emitted from your application, and can warn you about unusual patterns in the severity of your trace telemetry.",
                    "HelpUrl": "https://github.com/Microsoft/ApplicationInsights-Home/blob/master/SmartDetection/degradation-in-trace-severity-ratio.md",
                    "IsHidden": false,
                    "IsEnabledByDefault": true,
                    "IsInPreview": true,
                    "SupportsEmailNotifications": false
                },
                "enabled": true,
                "sendEmailsToSubscriptionOwners": true,
                "customEmails": []
            }
        },
        {
            "type": "microsoft.insights/components/ProactiveDetectionConfigs",
            "apiVersion": "2018-05-01-preview",
            "name": "[concat(parameters('components_StagingAnalytics_name'), '/longdependencyduration')]",
            "location": "westus2",
            "dependsOn": [
                "[resourceId('microsoft.insights/components', parameters('components_StagingAnalytics_name'))]"
            ],
            "properties": {
                "ruleDefinitions": {
                    "Name": "longdependencyduration",
                    "DisplayName": "Long dependency duration",
                    "Description": "Smart Detection rules notify you of performance anomaly issues.",
                    "HelpUrl": "https://docs.microsoft.com/en-us/azure/application-insights/app-insights-proactive-performance-diagnostics",
                    "IsHidden": false,
                    "IsEnabledByDefault": true,
                    "IsInPreview": false,
                    "SupportsEmailNotifications": true
                },
                "enabled": true,
                "sendEmailsToSubscriptionOwners": true,
                "customEmails": []
            }
        },
        {
            "type": "microsoft.insights/components/ProactiveDetectionConfigs",
            "apiVersion": "2018-05-01-preview",
            "name": "[concat(parameters('components_StagingAnalytics_name'), '/migrationToAlertRulesCompleted')]",
            "location": "westus2",
            "dependsOn": [
                "[resourceId('microsoft.insights/components', parameters('components_StagingAnalytics_name'))]"
            ],
            "properties": {
                "ruleDefinitions": {
                    "Name": "migrationToAlertRulesCompleted",
                    "DisplayName": "Migration To Alert Rules Completed",
                    "Description": "A configuration that controls the migration state of Smart Detection to Smart Alerts",
                    "HelpUrl": "https://docs.microsoft.com/en-us/azure/application-insights/app-insights-proactive-performance-diagnostics",
                    "IsHidden": true,
                    "IsEnabledByDefault": false,
                    "IsInPreview": true,
                    "SupportsEmailNotifications": false
                },
                "enabled": false,
                "sendEmailsToSubscriptionOwners": true,
                "customEmails": []
            }
        },
        {
            "type": "microsoft.insights/components/ProactiveDetectionConfigs",
            "apiVersion": "2018-05-01-preview",
            "name": "[concat(parameters('components_StagingAnalytics_name'), '/slowpageloadtime')]",
            "location": "westus2",
            "dependsOn": [
                "[resourceId('microsoft.insights/components', parameters('components_StagingAnalytics_name'))]"
            ],
            "properties": {
                "ruleDefinitions": {
                    "Name": "slowpageloadtime",
                    "DisplayName": "Slow page load time",
                    "Description": "Smart Detection rules notify you of performance anomaly issues.",
                    "HelpUrl": "https://docs.microsoft.com/en-us/azure/application-insights/app-insights-proactive-performance-diagnostics",
                    "IsHidden": false,
                    "IsEnabledByDefault": true,
                    "IsInPreview": false,
                    "SupportsEmailNotifications": true
                },
                "enabled": true,
                "sendEmailsToSubscriptionOwners": true,
                "customEmails": []
            }
        },
        {
            "type": "microsoft.insights/components/ProactiveDetectionConfigs",
            "apiVersion": "2018-05-01-preview",
            "name": "[concat(parameters('components_StagingAnalytics_name'), '/slowserverresponsetime')]",
            "location": "westus2",
            "dependsOn": [
                "[resourceId('microsoft.insights/components', parameters('components_StagingAnalytics_name'))]"
            ],
            "properties": {
                "ruleDefinitions": {
                    "Name": "slowserverresponsetime",
                    "DisplayName": "Slow server response time",
                    "Description": "Smart Detection rules notify you of performance anomaly issues.",
                    "HelpUrl": "https://docs.microsoft.com/en-us/azure/application-insights/app-insights-proactive-performance-diagnostics",
                    "IsHidden": false,
                    "IsEnabledByDefault": true,
                    "IsInPreview": false,
                    "SupportsEmailNotifications": true
                },
                "enabled": true,
                "sendEmailsToSubscriptionOwners": true,
                "customEmails": []
            }
        },
        {
            "type": "Microsoft.Logic/workflows",
            "apiVersion": "2017-07-01",
            "name": "[parameters('workflows_AlertsStaging_name')]",
            "location": "westeurope",
            "dependsOn": [
                "[resourceId('Microsoft.Web/connections', parameters('connections_teams_name'))]"
            ],
            "properties": {
                "state": "Enabled",
                "definition": {
                    "$schema": "https://schema.management.azure.com/providers/Microsoft.Logic/schemas/2016-06-01/workflowdefinition.json#",
                    "contentVersion": "1.0.0.0",
                    "parameters": {
                        "$connections": {
                            "defaultValue": {},
                            "type": "Object"
                        }
                    },
                    "triggers": {
                        "manual": {
                            "type": "Request",
                            "kind": "Http",
                            "inputs": {
                                "schema": {}
                            }
                        }
                    },
                    "actions": {
                        "Post_a_message_(V3)": {
                            "runAfter": {},
                            "type": "ApiConnection",
                            "inputs": {
                                "body": {
                                    "body": {
                                        "content": "<p>{ \"AlertName\":\"#alertrulename\", \"AlertDescription\":\"#description\", \"LinkToSearchResults\":\"#linktosearchresults\"}</p>",
                                        "contentType": "html"
                                    }
                                },
                                "host": {
                                    "connection": {
                                        "name": "@parameters('$connections')['teams']['connectionId']"
                                    }
                                },
                                "method": "post",
                                "path": "/v3/beta/teams/@{encodeURIComponent('4d067bc3-b3be-40f6-af1e-5113c60cc5d0')}/channels/@{encodeURIComponent('19:e6c73768bf954b17b59e4a1eb9f9eb73@thread.skype')}/messages"
                            }
                        }
                    },
                    "outputs": {}
                },
                "parameters": {
                    "$connections": {
                        "value": {
                            "teams": {
                                "connectionId": "[resourceId('Microsoft.Web/connections', parameters('connections_teams_name'))]",
                                "connectionName": "teams",
                                "id": "/subscriptions/6dd16397-3f02-4b5f-9e60-519534514192/providers/Microsoft.Web/locations/westeurope/managedApis/teams"
                            }
                        }
                    }
                }
            }
        },
        {
            "type": "Microsoft.Web/sites/config",
            "apiVersion": "2018-11-01",
            "name": "[concat(parameters('sites_emails_teammate_staging_name'), '/web')]",
            "location": "West Europe",
            "dependsOn": [
                "[resourceId('Microsoft.Web/sites', parameters('sites_emails_teammate_staging_name'))]"
            ],
            "properties": {
                "numberOfWorkers": 1,
                "defaultDocuments": [
                    "Default.htm",
                    "Default.html",
                    "Default.asp",
                    "index.htm",
                    "index.html",
                    "iisstart.htm",
                    "default.aspx",
                    "index.php",
                    "hostingstart.html"
                ],
                "netFrameworkVersion": "v4.0",
                "linuxFxVersion": "DOCKER|teammateapp.azurecr.io/harmonie/emailsteammate:8501-8d591c54227524f966088188a6ae015c1db5498d",
                "requestTracingEnabled": false,
                "remoteDebuggingEnabled": false,
                "httpLoggingEnabled": true,
                "logsDirectorySizeLimit": 100,
                "detailedErrorLoggingEnabled": false,
                "publishingUsername": "$emails-teammate-staging",
                "azureStorageAccounts": {},
                "scmType": "VSTSRM",
                "use32BitWorkerProcess": true,
                "webSocketsEnabled": false,
                "alwaysOn": false,
                "managedPipelineMode": "Integrated",
                "virtualApplications": [
                    {
                        "virtualPath": "/",
                        "physicalPath": "site\\wwwroot",
                        "preloadEnabled": false
                    }
                ],
                "loadBalancing": "LeastRequests",
                "experiments": {
                    "rampUpRules": []
                },
                "autoHealEnabled": false,
                "localMySqlEnabled": false,
                "ipSecurityRestrictions": [
                    {
                        "ipAddress": "Any",
                        "action": "Allow",
                        "priority": 1,
                        "name": "Allow all",
                        "description": "Allow all access"
                    }
                ],
                "scmIpSecurityRestrictions": [
                    {
                        "ipAddress": "Any",
                        "action": "Allow",
                        "priority": 1,
                        "name": "Allow all",
                        "description": "Allow all access"
                    }
                ],
                "scmIpSecurityRestrictionsUseMain": false,
                "http20Enabled": false,
                "minTlsVersion": "1.2",
                "ftpsState": "AllAllowed",
                "reservedInstanceCount": 0
            }
        },
        {
            "type": "Microsoft.Web/sites/deployments",
            "apiVersion": "2018-11-01",
            "name": "[concat(parameters('sites_emails_teammate_staging_name'), '/85571621339751087')]",
            "location": "West Europe",
            "dependsOn": [
                "[resourceId('Microsoft.Web/sites', parameters('sites_emails_teammate_staging_name'))]"
            ],
            "properties": {
                "status": 4,
                "author": "Amit Shimon",
                "deployer": "VSTS",
                "message": "{\"type\":\"Deployment\",\"commitId\":\"ff1ecbc7ffbf84caff2284533af962814755f6db\",\"buildId\":\"8492\",\"releaseId\":\"8557\",\"buildNumber\":\"ff1ecbc7\",\"releaseName\":\"Release-ff1ecbc7-1\",\"repoProvider\":\"TfsGit\",\"repoName\":\"EmailsFetcher\",\"collectionUrl\":\"https://dev.azure.com/harmonie-collage/\",\"teamProject\":\"8416821a-1cdf-4a8e-9b20-cc3c56d50a5a\",\"buildProjectUrl\":\"https://dev.azure.com/harmonie-collage/8416821a-1cdf-4a8e-9b20-cc3c56d50a5a\",\"repositoryUrl\":\"\",\"branch\":\"mergeTab\",\"teamProjectName\":\"harmon.ie\",\"slotName\":\"production\"}",
                "start_time": "2021-05-18T12:09:11.6777195Z",
                "end_time": "2021-05-18T12:09:11.6777195Z",
                "active": false
            }
        },
        {
            "type": "Microsoft.Web/sites/deployments",
            "apiVersion": "2018-11-01",
            "name": "[concat(parameters('sites_emails_teammate_staging_name'), '/85611621349784445')]",
            "location": "West Europe",
            "dependsOn": [
                "[resourceId('Microsoft.Web/sites', parameters('sites_emails_teammate_staging_name'))]"
            ],
            "properties": {
                "status": 4,
                "author": "Amit Shimon",
                "deployer": "VSTS",
                "message": "{\"type\":\"Deployment\",\"commitId\":\"8f9ba42218bb63a46717e41dc0d1af0a17018a28\",\"buildId\":\"8496\",\"releaseId\":\"8561\",\"buildNumber\":\"8f9ba422\",\"releaseName\":\"Release-8f9ba422-1\",\"repoProvider\":\"TfsGit\",\"repoName\":\"EmailsFetcher\",\"collectionUrl\":\"https://dev.azure.com/harmonie-collage/\",\"teamProject\":\"8416821a-1cdf-4a8e-9b20-cc3c56d50a5a\",\"buildProjectUrl\":\"https://dev.azure.com/harmonie-collage/8416821a-1cdf-4a8e-9b20-cc3c56d50a5a\",\"repositoryUrl\":\"\",\"branch\":\"mergeTab\",\"teamProjectName\":\"harmon.ie\",\"slotName\":\"production\"}",
                "start_time": "2021-05-18T14:56:25.199696Z",
                "end_time": "2021-05-18T14:56:25.199696Z",
                "active": false
            }
        },
        {
            "type": "Microsoft.Web/sites/deployments",
            "apiVersion": "2018-11-01",
            "name": "[concat(parameters('sites_emails_teammate_staging_name'), '/85621621353113799')]",
            "location": "West Europe",
            "dependsOn": [
                "[resourceId('Microsoft.Web/sites', parameters('sites_emails_teammate_staging_name'))]"
            ],
            "properties": {
                "status": 4,
                "author": "Amit Shimon",
                "deployer": "VSTS",
                "message": "{\"type\":\"Deployment\",\"commitId\":\"7dda66d694e5a917688f2b93ac05d41c8d0b7a6f\",\"buildId\":\"8497\",\"releaseId\":\"8562\",\"buildNumber\":\"7dda66d6\",\"releaseName\":\"Release-7dda66d6-1\",\"repoProvider\":\"TfsGit\",\"repoName\":\"EmailsFetcher\",\"collectionUrl\":\"https://dev.azure.com/harmonie-collage/\",\"teamProject\":\"8416821a-1cdf-4a8e-9b20-cc3c56d50a5a\",\"buildProjectUrl\":\"https://dev.azure.com/harmonie-collage/8416821a-1cdf-4a8e-9b20-cc3c56d50a5a\",\"repositoryUrl\":\"\",\"branch\":\"mergeTab\",\"teamProjectName\":\"harmon.ie\",\"slotName\":\"production\"}",
                "start_time": "2021-05-18T15:51:54.396517Z",
                "end_time": "2021-05-18T15:51:54.396517Z",
                "active": false
            }
        },
        {
            "type": "Microsoft.Web/sites/deployments",
            "apiVersion": "2018-11-01",
            "name": "[concat(parameters('sites_emails_teammate_staging_name'), '/85641621364651517')]",
            "location": "West Europe",
            "dependsOn": [
                "[resourceId('Microsoft.Web/sites', parameters('sites_emails_teammate_staging_name'))]"
            ],
            "properties": {
                "status": 4,
                "author": "Amit Shimon",
                "deployer": "VSTS",
                "message": "{\"type\":\"Deployment\",\"commitId\":\"3df3e87b41cb0cebc21f5f022b4acd492831f900\",\"buildId\":\"8499\",\"releaseId\":\"8564\",\"buildNumber\":\"3df3e87b\",\"releaseName\":\"Release-3df3e87b-1\",\"repoProvider\":\"TfsGit\",\"repoName\":\"EmailsFetcher\",\"collectionUrl\":\"https://dev.azure.com/harmonie-collage/\",\"teamProject\":\"8416821a-1cdf-4a8e-9b20-cc3c56d50a5a\",\"buildProjectUrl\":\"https://dev.azure.com/harmonie-collage/8416821a-1cdf-4a8e-9b20-cc3c56d50a5a\",\"repositoryUrl\":\"\",\"branch\":\"mergeTab\",\"teamProjectName\":\"harmon.ie\",\"slotName\":\"production\"}",
                "start_time": "2021-05-18T19:04:12.1036889Z",
                "end_time": "2021-05-18T19:04:12.1036889Z",
                "active": false
            }
        },
        {
            "type": "Microsoft.Web/sites/deployments",
            "apiVersion": "2018-11-01",
            "name": "[concat(parameters('sites_emails_teammate_staging_name'), '/85651621366298593')]",
            "location": "West Europe",
            "dependsOn": [
                "[resourceId('Microsoft.Web/sites', parameters('sites_emails_teammate_staging_name'))]"
            ],
            "properties": {
                "status": 4,
                "author": "Amit Shimon",
                "deployer": "VSTS",
                "message": "{\"type\":\"Deployment\",\"commitId\":\"cc3acf874f7f68459706967e700d5e52763274b7\",\"buildId\":\"8500\",\"releaseId\":\"8565\",\"buildNumber\":\"cc3acf87\",\"releaseName\":\"Release-cc3acf87-1\",\"repoProvider\":\"TfsGit\",\"repoName\":\"EmailsFetcher\",\"collectionUrl\":\"https://dev.azure.com/harmonie-collage/\",\"teamProject\":\"8416821a-1cdf-4a8e-9b20-cc3c56d50a5a\",\"buildProjectUrl\":\"https://dev.azure.com/harmonie-collage/8416821a-1cdf-4a8e-9b20-cc3c56d50a5a\",\"repositoryUrl\":\"\",\"branch\":\"mergeTab\",\"teamProjectName\":\"harmon.ie\",\"slotName\":\"production\"}",
                "start_time": "2021-05-18T19:31:39.3751041Z",
                "end_time": "2021-05-18T19:31:39.3751041Z",
                "active": false
            }
        },
        {
            "type": "Microsoft.Web/sites/deployments",
            "apiVersion": "2018-11-01",
            "name": "[concat(parameters('sites_emails_teammate_staging_name'), '/85661621407998616')]",
            "location": "West Europe",
            "dependsOn": [
                "[resourceId('Microsoft.Web/sites', parameters('sites_emails_teammate_staging_name'))]"
            ],
            "properties": {
                "status": 4,
                "author": "Amit Shimon",
                "deployer": "VSTS",
                "message": "{\"type\":\"Deployment\",\"commitId\":\"8d591c54227524f966088188a6ae015c1db5498d\",\"buildId\":\"8501\",\"releaseId\":\"8566\",\"buildNumber\":\"8d591c54\",\"releaseName\":\"Release-8d591c54-1\",\"repoProvider\":\"TfsGit\",\"repoName\":\"EmailsFetcher\",\"collectionUrl\":\"https://dev.azure.com/harmonie-collage/\",\"teamProject\":\"8416821a-1cdf-4a8e-9b20-cc3c56d50a5a\",\"buildProjectUrl\":\"https://dev.azure.com/harmonie-collage/8416821a-1cdf-4a8e-9b20-cc3c56d50a5a\",\"repositoryUrl\":\"\",\"branch\":\"mergeTab\",\"teamProjectName\":\"harmon.ie\",\"slotName\":\"production\"}",
                "start_time": "2021-05-19T07:06:39.4852322Z",
                "end_time": "2021-05-19T07:06:39.4852322Z",
                "active": false
            }
        },
        {
            "type": "Microsoft.Web/sites/deployments",
            "apiVersion": "2018-11-01",
            "name": "[concat(parameters('sites_emails_teammate_staging_name'), '/85661621425027883')]",
            "location": "West Europe",
            "dependsOn": [
                "[resourceId('Microsoft.Web/sites', parameters('sites_emails_teammate_staging_name'))]"
            ],
            "properties": {
                "status": 4,
                "author": "Amit Shimon",
                "deployer": "VSTS",
                "message": "{\"type\":\"Deployment\",\"commitId\":\"8d591c54227524f966088188a6ae015c1db5498d\",\"buildId\":\"8501\",\"releaseId\":\"8566\",\"buildNumber\":\"8d591c54\",\"releaseName\":\"Release-8d591c54-1\",\"repoProvider\":\"TfsGit\",\"repoName\":\"EmailsFetcher\",\"collectionUrl\":\"https://dev.azure.com/harmonie-collage/\",\"teamProject\":\"8416821a-1cdf-4a8e-9b20-cc3c56d50a5a\",\"buildProjectUrl\":\"https://dev.azure.com/harmonie-collage/8416821a-1cdf-4a8e-9b20-cc3c56d50a5a\",\"repositoryUrl\":\"\",\"branch\":\"mergeTab\",\"teamProjectName\":\"harmon.ie\",\"slotName\":\"production\"}",
                "start_time": "2021-05-19T11:50:28.3302423Z",
                "end_time": "2021-05-19T11:50:28.3302423Z",
                "active": true
            }
        },
        {
            "type": "Microsoft.Web/sites/deployments",
            "apiVersion": "2018-11-01",
            "name": "[concat(parameters('sites_emails_teammate_staging_name'), '/85711621419794890')]",
            "location": "West Europe",
            "dependsOn": [
                "[resourceId('Microsoft.Web/sites', parameters('sites_emails_teammate_staging_name'))]"
            ],
            "properties": {
                "status": 4,
                "author": "Max Brokhman",
                "deployer": "VSTS",
                "message": "{\"type\":\"Deployment\",\"commitId\":\"1510baac914896595c37a0d94ea20d2269ebecb9\",\"buildId\":\"8506\",\"releaseId\":\"8571\",\"buildNumber\":\"1510baac\",\"releaseName\":\"Release-1510baac-1\",\"repoProvider\":\"TfsGit\",\"repoName\":\"EmailsFetcher\",\"collectionUrl\":\"https://dev.azure.com/harmonie-collage/\",\"teamProject\":\"8416821a-1cdf-4a8e-9b20-cc3c56d50a5a\",\"buildProjectUrl\":\"https://dev.azure.com/harmonie-collage/8416821a-1cdf-4a8e-9b20-cc3c56d50a5a\",\"repositoryUrl\":\"\",\"branch\":\"creating-task-from-bot\",\"teamProjectName\":\"harmon.ie\",\"slotName\":\"production\"}",
                "start_time": "2021-05-19T10:23:15.464247Z",
                "end_time": "2021-05-19T10:23:15.464247Z",
                "active": false
            }
        },
        {
            "type": "Microsoft.Web/sites/deployments",
            "apiVersion": "2018-11-01",
            "name": "[concat(parameters('sites_emails_teammate_staging_name'), '/85721621422307426')]",
            "location": "West Europe",
            "dependsOn": [
                "[resourceId('Microsoft.Web/sites', parameters('sites_emails_teammate_staging_name'))]"
            ],
            "properties": {
                "status": 4,
                "author": "Max Brokhman",
                "deployer": "VSTS",
                "message": "{\"type\":\"Deployment\",\"commitId\":\"1b218cbada08f2d4cc0d6ca5fc59d30d9ac369ac\",\"buildId\":\"8507\",\"releaseId\":\"8572\",\"buildNumber\":\"1b218cba\",\"releaseName\":\"Release-1b218cba-1\",\"repoProvider\":\"TfsGit\",\"repoName\":\"EmailsFetcher\",\"collectionUrl\":\"https://dev.azure.com/harmonie-collage/\",\"teamProject\":\"8416821a-1cdf-4a8e-9b20-cc3c56d50a5a\",\"buildProjectUrl\":\"https://dev.azure.com/harmonie-collage/8416821a-1cdf-4a8e-9b20-cc3c56d50a5a\",\"repositoryUrl\":\"\",\"branch\":\"creating-task-from-bot\",\"teamProjectName\":\"harmon.ie\",\"slotName\":\"production\"}",
                "start_time": "2021-05-19T11:05:08.2638431Z",
                "end_time": "2021-05-19T11:05:08.2638431Z",
                "active": false
            }
        },
        {
            "type": "Microsoft.Web/sites/deployments",
            "apiVersion": "2018-11-01",
            "name": "[concat(parameters('sites_emails_teammate_staging_name'), '/85741621424472394')]",
            "location": "West Europe",
            "dependsOn": [
                "[resourceId('Microsoft.Web/sites', parameters('sites_emails_teammate_staging_name'))]"
            ],
            "properties": {
                "status": 4,
                "author": "Max Brokhman",
                "deployer": "VSTS",
                "message": "{\"type\":\"Deployment\",\"commitId\":\"16e8e25f2fe00d2db093be24c15fda9dc287a25e\",\"buildId\":\"8509\",\"releaseId\":\"8574\",\"buildNumber\":\"16e8e25f\",\"releaseName\":\"Release-16e8e25f-1\",\"repoProvider\":\"TfsGit\",\"repoName\":\"EmailsFetcher\",\"collectionUrl\":\"https://dev.azure.com/harmonie-collage/\",\"teamProject\":\"8416821a-1cdf-4a8e-9b20-cc3c56d50a5a\",\"buildProjectUrl\":\"https://dev.azure.com/harmonie-collage/8416821a-1cdf-4a8e-9b20-cc3c56d50a5a\",\"repositoryUrl\":\"\",\"branch\":\"creating-task-from-bot\",\"teamProjectName\":\"harmon.ie\",\"slotName\":\"production\"}",
                "start_time": "2021-05-19T11:41:13.8477298Z",
                "end_time": "2021-05-19T11:41:13.8477298Z",
                "active": false
            }
        },
        {
            "type": "Microsoft.Web/sites/hostNameBindings",
            "apiVersion": "2018-11-01",
            "name": "[concat(parameters('sites_emails_teammate_staging_name'), '/', parameters('sites_emails_teammate_staging_name'), '.azurewebsites.net')]",
            "location": "West Europe",
            "dependsOn": [
                "[resourceId('Microsoft.Web/sites', parameters('sites_emails_teammate_staging_name'))]"
            ],
          "properties": {
            "siteName": "[parameters('sites_emails_teammate_staging_name')]",
            "hostNameType": "Verified"
          }
        },
        {
            "type": "Microsoft.DocumentDB/databaseAccounts/mongodbDatabases/collections",
            "apiVersion": "2021-04-15",
            "name": "[concat(parameters('databaseAccounts_teamate_staging_name'), '/TeamMate/botframework')]",
            "dependsOn": [
                "[resourceId('Microsoft.DocumentDB/databaseAccounts/mongodbDatabases', parameters('databaseAccounts_teamate_staging_name'), 'TeamMate')]",
                "[resourceId('Microsoft.DocumentDB/databaseAccounts', parameters('databaseAccounts_teamate_staging_name'))]"
            ],
            "properties": {
                "resource": {
                    "id": "botframework",
                    "indexes": [
                        {
                            "key": {
                                "keys": [
                                    "_id"
                                ]
                            }
                        }
                    ]
                }
            }
        },
        {
            "type": "Microsoft.DocumentDB/databaseAccounts/mongodbDatabases/collections",
            "apiVersion": "2021-04-15",
            "name": "[concat(parameters('databaseAccounts_teamate_staging_name'), '/TeamMate/taskboards')]",
            "dependsOn": [
                "[resourceId('Microsoft.DocumentDB/databaseAccounts/mongodbDatabases', parameters('databaseAccounts_teamate_staging_name'), 'TeamMate')]",
                "[resourceId('Microsoft.DocumentDB/databaseAccounts', parameters('databaseAccounts_teamate_staging_name'))]"
            ],
            "properties": {
                "resource": {
                    "id": "taskboards",
                    "indexes": [
                        {
                            "key": {
                                "keys": [
                                    "_id"
                                ]
                            }
                        },
                        {
                            "key": {
                                "keys": [
                                    "channelId",
                                    "mailboxId"
                                ]
                            },
                            "options": {
                                "unique": true
                            }
                        }
                    ]
                }
            }
        },
        {
            "type": "Microsoft.DocumentDB/databaseAccounts/mongodbDatabases/collections",
            "apiVersion": "2021-04-15",
            "name": "[concat(parameters('databaseAccounts_teamate_staging_name'), '/TeamMate/tenants')]",
            "dependsOn": [
                "[resourceId('Microsoft.DocumentDB/databaseAccounts/mongodbDatabases', parameters('databaseAccounts_teamate_staging_name'), 'TeamMate')]",
                "[resourceId('Microsoft.DocumentDB/databaseAccounts', parameters('databaseAccounts_teamate_staging_name'))]"
            ],
            "properties": {
                "resource": {
                    "id": "tenants",
                    "indexes": [
                        {
                            "key": {
                                "keys": [
                                    "_id"
                                ]
                            }
                        }
                    ]
                }
            }
        },
        {
            "type": "Microsoft.DocumentDB/databaseAccounts/mongodbDatabases/collections",
            "apiVersion": "2021-04-15",
            "name": "[concat(parameters('databaseAccounts_teamate_staging_name'), '/TeamMate/users')]",
            "dependsOn": [
                "[resourceId('Microsoft.DocumentDB/databaseAccounts/mongodbDatabases', parameters('databaseAccounts_teamate_staging_name'), 'TeamMate')]",
                "[resourceId('Microsoft.DocumentDB/databaseAccounts', parameters('databaseAccounts_teamate_staging_name'))]"
            ],
            "properties": {
                "resource": {
                    "id": "users",
                    "indexes": [
                        {
                            "key": {
                                "keys": [
                                    "_id"
                                ]
                            }
                        }
                    ]
                }
            }
        },
        {
            "type": "Microsoft.DocumentDB/databaseAccounts/mongodbDatabases/collections",
            "apiVersion": "2021-04-15",
            "name": "[concat(parameters('databaseAccounts_teamate_staging_name'), '/test/users')]",
            "dependsOn": [
                "[resourceId('Microsoft.DocumentDB/databaseAccounts/mongodbDatabases', parameters('databaseAccounts_teamate_staging_name'), 'test')]",
                "[resourceId('Microsoft.DocumentDB/databaseAccounts', parameters('databaseAccounts_teamate_staging_name'))]"
            ],
            "properties": {
                "resource": {
                    "id": "users",
                    "indexes": [
                        {
                            "key": {
                                "keys": [
                                    "_id"
                                ]
                            }
                        },
                        {
                            "key": {
                                "keys": [
                                    "userId"
                                ]
                            }
                        }
                    ]
                }
            }
        },
        {
            "type": "Microsoft.DocumentDB/databaseAccounts/mongodbDatabases/collections/throughputSettings",
            "apiVersion": "2021-04-15",
            "name": "[concat(parameters('databaseAccounts_teamate_staging_name'), '/TeamMate/botframework/default')]",
            "dependsOn": [
                "[resourceId('Microsoft.DocumentDB/databaseAccounts/mongodbDatabases/collections', parameters('databaseAccounts_teamate_staging_name'), 'TeamMate', 'botframework')]",
                "[resourceId('Microsoft.DocumentDB/databaseAccounts/mongodbDatabases', parameters('databaseAccounts_teamate_staging_name'), 'TeamMate')]",
                "[resourceId('Microsoft.DocumentDB/databaseAccounts', parameters('databaseAccounts_teamate_staging_name'))]"
            ],
            "properties": {
                "resource": {
                    "throughput": 400
                }
            }
        },
        {
            "type": "Microsoft.DocumentDB/databaseAccounts/mongodbDatabases/collections/throughputSettings",
            "apiVersion": "2021-04-15",
            "name": "[concat(parameters('databaseAccounts_teamate_staging_name'), '/TeamMate/taskboards/default')]",
            "dependsOn": [
                "[resourceId('Microsoft.DocumentDB/databaseAccounts/mongodbDatabases/collections', parameters('databaseAccounts_teamate_staging_name'), 'TeamMate', 'taskboards')]",
                "[resourceId('Microsoft.DocumentDB/databaseAccounts/mongodbDatabases', parameters('databaseAccounts_teamate_staging_name'), 'TeamMate')]",
                "[resourceId('Microsoft.DocumentDB/databaseAccounts', parameters('databaseAccounts_teamate_staging_name'))]"
            ],
            "properties": {
                "resource": {
                    "throughput": 400
                }
            }
        },
        {
            "type": "Microsoft.DocumentDB/databaseAccounts/mongodbDatabases/collections/throughputSettings",
            "apiVersion": "2021-04-15",
            "name": "[concat(parameters('databaseAccounts_teamate_staging_name'), '/TeamMate/tenants/default')]",
            "dependsOn": [
                "[resourceId('Microsoft.DocumentDB/databaseAccounts/mongodbDatabases/collections', parameters('databaseAccounts_teamate_staging_name'), 'TeamMate', 'tenants')]",
                "[resourceId('Microsoft.DocumentDB/databaseAccounts/mongodbDatabases', parameters('databaseAccounts_teamate_staging_name'), 'TeamMate')]",
                "[resourceId('Microsoft.DocumentDB/databaseAccounts', parameters('databaseAccounts_teamate_staging_name'))]"
            ],
            "properties": {
                "resource": {
                    "throughput": 400
                }
            }
        },
        {
            "type": "Microsoft.DocumentDB/databaseAccounts/mongodbDatabases/collections/throughputSettings",
            "apiVersion": "2021-04-15",
            "name": "[concat(parameters('databaseAccounts_teamate_staging_name'), '/TeamMate/users/default')]",
            "dependsOn": [
                "[resourceId('Microsoft.DocumentDB/databaseAccounts/mongodbDatabases/collections', parameters('databaseAccounts_teamate_staging_name'), 'TeamMate', 'users')]",
                "[resourceId('Microsoft.DocumentDB/databaseAccounts/mongodbDatabases', parameters('databaseAccounts_teamate_staging_name'), 'TeamMate')]",
                "[resourceId('Microsoft.DocumentDB/databaseAccounts', parameters('databaseAccounts_teamate_staging_name'))]"
            ],
            "properties": {
                "resource": {
                    "throughput": 400
                }
            }
        },
        {
            "type": "Microsoft.DocumentDB/databaseAccounts/mongodbDatabases/collections/throughputSettings",
            "apiVersion": "2021-04-15",
            "name": "[concat(parameters('databaseAccounts_teamate_staging_name'), '/test/users/default')]",
            "dependsOn": [
                "[resourceId('Microsoft.DocumentDB/databaseAccounts/mongodbDatabases/collections', parameters('databaseAccounts_teamate_staging_name'), 'test', 'users')]",
                "[resourceId('Microsoft.DocumentDB/databaseAccounts/mongodbDatabases', parameters('databaseAccounts_teamate_staging_name'), 'test')]",
                "[resourceId('Microsoft.DocumentDB/databaseAccounts', parameters('databaseAccounts_teamate_staging_name'))]"
            ],
            "properties": {
                "resource": {
                    "throughput": 400
                }
            }
        }
    ]
}